t[s],Bpos,Bspd,A[cm²],Mma[Å²],P1[mN/m],P2[mN/m],T[°C],SP[V],pH,AD[V]
0.02,0,0,237.75,250.03,-0.399,0,23.52,,0.37,0
10.07,0.783,5,236.58,248.8,-0.429,0,23.53,,0.36,0
20.07,1.617,5,235.33,247.48,-0.363,0,23.55,,0.36,0
30.13,2.449,5,234.08,246.17,-0.328,0,23.57,,0.36,0
40.21,3.284,5,232.82,244.85,-0.439,0,23.58,,0.36,0
50.39,4.124,5,231.56,243.53,-0.345,0,23.59,,0.36,0
60.45,4.966,5,230.3,242.2,-0.464,0,23.59,,0.36,0
70.56,5.8,5,229.05,240.88,-0.456,0,23.59,,0.35,0
80.67,6.639,5,227.79,239.56,-0.459,0,23.59,,0.35,0
90.86,7.484,5,226.52,238.23,-0.395,0,23.59,,0.35,0
101.05,8.332,5,225.25,236.89,-0.416,0,23.59,,0.35,0
111.1,9.166,5,224,235.57,-0.412,0,23.57,,0.35,0
121.26,10.007,5,222.74,234.25,-0.391,0,23.57,,0.35,0
131.42,10.851,5,221.47,232.92,-0.498,0,23.58,,0.34,0
141.55,11.692,5,220.21,231.59,-0.498,0,23.58,,0.34,0
151.73,12.533,5,218.95,230.26,-0.506,0,23.58,,0.34,0
161.9,13.375,5,217.69,228.93,-0.461,0,23.55,,0.34,0
172.03,14.216,5,216.43,227.61,-0.358,0,23.55,,0.34,0
182.18,15.057,5,215.16,226.28,-0.361,0,23.55,,0.34,0
192.27,15.892,5,213.91,224.96,-0.359,0,23.52,,0.33,0
202.35,16.733,5,212.65,223.64,-0.379,0,23.51,,0.33,0
212.5,17.572,5,211.39,222.31,-0.401,0,23.49,,0.33,0
222.64,18.417,5,210.12,220.98,-0.478,0,23.47,,0.33,0
232.65,19.242,5,208.89,219.68,-0.465,0,23.45,,0.33,0
242.66,20.074,5,207.64,218.37,-0.466,0,23.45,,0.33,0
252.75,20.907,5,206.39,217.05,-0.428,0,23.42,,0.32,0
262.83,21.741,5,205.14,215.74,-0.406,0,23.42,,0.32,0
272.97,22.591,5,203.86,214.4,-0.374,0,23.42,,0.32,0
283.16,23.434,5,202.6,213.07,-0.347,0,23.44,,0.32,0
293.21,24.267,5,201.35,211.75,-0.471,0,23.45,,0.32,0
303.4,25.107,5,200.09,210.43,-0.489,0,23.46,,0.32,0
313.53,25.949,5,198.83,209.1,-0.402,0,23.45,,0.32,0
323.69,26.79,5,197.57,207.77,-0.4,0,23.45,,0.31,0
333.7,27.623,5,196.32,206.46,-0.401,0,23.45,,0.31,0
343.88,28.467,5,195.05,205.13,-0.371,0,23.43,,0.31,0
353.89,29.299,5,193.8,203.81,-0.352,0,23.43,,0.31,0
364.07,30.139,5,192.54,202.49,-0.396,0,23.43,,0.31,0
374.19,30.982,5,191.28,201.16,-0.355,0,23.45,,0.31,0
384.39,31.823,5,190.02,199.83,-0.394,0,23.46,,0.31,0
394.45,32.664,5,188.75,198.51,-0.461,0,23.49,,0.3,0
404.54,33.499,5,187.5,197.19,-0.438,0,23.49,,0.3,0
414.56,34.324,5,186.26,195.89,-0.339,0,23.5,,0.3,0
424.6,35.156,5,185.02,194.57,-0.463,0,23.5,,0.3,0
434.73,35.999,5,183.75,193.25,-0.331,0,23.49,,0.3,0
444.92,36.849,5,182.48,191.9,-0.385,0,23.49,,0.3,0
454.96,37.682,5,181.23,190.59,-0.312,0,23.46,,0.3,0
465.11,38.523,5,179.97,189.26,-0.296,0,23.44,,0.29,0
475.22,39.357,5,178.71,187.95,-0.303,0,23.44,,0.29,0
485.34,40.2,5,177.45,186.62,-0.308,0,23.42,,0.29,0
495.48,41.039,5,176.19,185.29,-0.251,0,23.41,,0.29,0
505.59,41.874,5,174.94,183.98,-0.311,0,23.38,,0.29,0
515.63,42.707,5,173.69,182.66,-0.271,0,23.37,,0.29,0
525.68,43.541,5,172.44,181.35,-0.303,0,23.38,,0.29,0
535.73,44.373,5,171.19,180.04,-0.246,0,23.37,,0.28,0
545.92,45.223,5,169.92,178.69,-0.219,0,23.37,,0.28,0
555.92,46.048,5,168.68,177.39,-0.166,0,23.34,,0.28,0
565.99,46.89,5,167.41,176.06,-0.005,0,23.35,,0.28,0
576.01,47.716,5,166.18,174.76,0.019,0,23.35,,0.28,0
586.11,48.556,5,164.92,173.44,0.114,0,23.36,,0.28,0
596.26,49.399,5,163.65,172.11,0.21,0,23.37,,0.28,0
606.38,50.233,5,162.4,170.79,0.382,0,23.35,,0.27,0
616.42,51.065,5,161.15,169.48,0.442,0,23.34,,0.27,0
626.5,51.906,5,159.89,168.15,0.57,0,23.33,,0.27,0
636.68,52.748,5,158.63,166.82,0.716,0,23.33,,0.27,0
646.89,53.599,5,157.35,165.48,1.051,0,23.33,,0.27,0
657.02,54.432,5,156.1,164.17,1.235,0,23.34,,0.27,0
667.1,55.272,5,154.84,162.84,1.267,0,23.35,,0.27,0
677.21,56.105,5,153.59,161.53,1.494,0,23.36,,0.27,0
687.38,56.949,5,152.33,160.2,1.786,0,23.39,,0.26,0
697.42,57.781,5,151.08,158.88,2.001,0,23.38,,0.26,0
707.47,58.613,5,149.83,157.57,2.087,0,23.39,,0.26,0
717.5,59.446,5,148.58,156.26,2.385,0,23.42,,0.26,0
727.52,60.281,5,147.33,154.94,2.736,0,23.42,,0.26,0
737.58,61.113,5,146.08,153.63,2.961,0,23.42,,0.26,0
747.59,61.949,5,144.83,152.31,3.187,0,23.46,,0.26,0
757.63,62.781,5,143.58,151,3.451,0,23.47,,0.26,0
767.73,63.615,5,142.33,149.68,3.807,0,23.47,,0.25,0
777.81,64.447,5,141.08,148.37,4.065,0,23.47,,0.25,0
787.89,65.29,5,139.82,147.04,4.367,0,23.49,,0.25,0
798.07,66.132,5,138.55,145.71,4.703,0,23.51,,0.25,0
808.12,66.964,5,137.3,144.4,4.923,0,23.49,,0.25,0
818.32,67.815,5,136.03,143.05,5.302,0,23.49,,0.25,0
828.46,68.655,5,134.77,141.73,5.589,0,23.48,,0.25,0
838.49,69.481,5,133.53,140.43,6.007,0,23.49,,0.25,0
848.67,70.331,5,132.25,139.09,6.236,0,23.51,,0.25,0
858.71,71.163,5,131.01,137.77,6.749,0,23.51,,0.24,0
868.82,71.998,5,129.75,136.46,7.041,0,23.51,,0.24,0
878.83,72.829,5,128.51,135.15,7.442,0,23.48,,0.24,0
888.98,73.67,5,127.24,133.82,7.813,0,23.46,,0.24,0
899.03,74.505,5,125.99,132.5,8.195,0,23.46,,0.24,0
909.18,75.347,5,124.73,131.17,8.63,0,23.46,,0.24,0
919.19,76.171,5,123.49,129.87,9.012,0,23.45,,0.24,0
929.23,77.003,5,122.25,128.56,9.419,0,23.46,,0.24,0
939.39,77.847,5,120.98,127.23,9.945,0,23.47,,0.23,0
949.56,78.697,5,119.7,125.89,10.416,0,23.49,,0.23,0
959.74,79.539,5,118.44,124.56,10.823,0,23.48,,0.23,0
969.86,80.379,5,117.18,123.24,11.303,0,23.47,,0.23,0
980.05,81.222,5,115.92,121.91,11.812,0,23.48,,0.23,0
990.06,82.054,5,114.67,120.59,12.214,0,23.49,,0.23,0
1000.09,82.888,5,113.42,119.28,12.827,0,23.53,,0.23,0
1010.1,83.712,5,112.18,117.98,13.381,0,23.57,,0.23,0
1020.26,84.556,5,110.92,116.65,13.846,0,23.61,,0.23,0
1030.38,85.397,5,109.66,115.32,14.425,0,23.62,,0.23,0
1040.55,86.238,5,108.39,113.99,15.056,0,23.65,,0.22,0
1050.59,87.072,5,107.14,112.68,15.544,0,23.66,,0.22,0
1060.69,87.913,5,105.88,111.35,16.29,0,23.65,,0.22,0
1070.89,88.753,5,104.62,110.03,16.867,0,23.67,,0.22,0
1080.92,89.587,5,103.37,108.71,17.435,0,23.65,,0.22,0
1091,90.419,5,102.12,107.4,17.899,0,23.6,,0.22,0
1101.03,91.253,5,100.87,106.08,18.657,0,23.57,,0.22,0
1111.11,92.089,5,99.62,104.76,19.155,0,23.57,,0.22,0
1121.21,92.93,5,98.36,103.44,19.808,0,23.59,,0.22,0
1131.3,93.763,5,97.11,102.12,20.526,0,23.57,,0.21,0
1141.43,94.603,5,95.85,100.8,21.362,0,23.64,,0.21,0
1151.6,95.447,5,94.58,99.47,22.015,0,23.65,,0.21,0
1161.76,96.287,5,93.32,98.14,22.916,0,23.65,,0.21,0
1171.84,97.131,5,92.05,96.81,23.743,0,23.65,,0.21,0
1181.98,97.97,5,90.79,95.49,24.543,0,23.64,,0.21,0
1192.11,98.804,5,89.54,94.17,25.379,0,23.67,,0.21,0
1202.3,99.655,5,88.27,92.83,26.151,0,23.68,,0.21,0
1212.31,100.481,5,87.03,91.53,27.173,0,23.71,,0.21,0
1222.37,101.319,5,85.77,90.2,27.875,0,23.75,,0.21,0
1232.49,102.155,5,84.52,88.88,28.901,0,23.75,,0.21,0
1242.62,102.989,1.995,83.27,87.57,29.881,0,23.74,,0.2,0
1252.73,103.093,1.106,83.11,87.4,30.035,0,23.76,,0.2,0
1262.84,103.145,1.995,83.03,87.32,29.99,0,23.78,,0.2,0
1273.01,103.252,-1.647,82.87,87.15,29.943,0,23.78,,0.2,0
1283.07,103.325,-0.709,82.76,87.04,30.049,0,23.77,,0.2,0
1293.22,103.419,-1.995,82.62,86.89,29.99,0,23.79,,0.2,0
1303.41,103.461,-0.012,82.56,86.82,29.952,0,23.81,,0.2,0
1313.44,103.552,0.469,82.42,86.68,30.011,0,23.83,,0.2,0
1323.59,103.627,1.995,82.31,86.56,29.893,0,23.85,,0.2,0
1333.61,103.745,1.178,82.13,86.38,30.039,0,23.82,,0.2,0
1343.8,103.78,-0.361,82.08,86.32,30.007,0,23.85,,0.2,0
1353.9,103.814,1.995,82.03,86.27,29.936,0,23.88,,0.19,0
1364.02,103.91,1.995,81.89,86.12,29.988,0,23.91,,0.19,0
1374.09,103.977,1.995,81.79,86.01,29.985,0,23.92,,0.19,0
1384.15,104.084,0.493,81.62,85.84,30.022,0,23.91,,0.19,0
1394.19,104.114,-0.204,81.58,85.79,29.942,0,23.93,,0.19,0
1404.23,104.198,0.589,81.45,85.66,30.03,0,23.93,,0.19,0
1414.28,104.195,1.995,81.46,85.67,29.923,0,23.94,,0.19,0
1424.44,104.312,-0.721,81.28,85.48,30.021,0,23.93,,0.19,0
1434.57,104.36,-1.995,81.21,85.41,30.058,0,23.9,,0.19,0
1444.63,104.393,-1.887,81.16,85.35,30.071,0,23.96,,0.19,0
1454.79,104.448,-1.575,81.08,85.27,29.961,0,23.97,,0.19,0
1464.91,104.457,-0.373,81.06,85.25,30.067,0,23.96,,0.18,0
1474.92,104.502,-0.541,81,85.18,29.974,0,23.96,,0.18,0
1485.1,104.511,-1.623,80.98,85.17,29.945,0,24,,0.18,0
1495.28,104.556,1.995,80.92,85.1,30.008,0,23.97,,0.18,0
1505.32,104.573,-0.625,80.89,85.07,30.015,0,24.01,,0.18,0
1515.32,104.543,1.995,80.94,85.12,30.017,0,23.97,,0.18,0
1525.48,104.623,1.995,80.82,84.99,29.98,0,24,,0.18,0
1535.61,104.674,-0.889,80.74,84.91,29.935,0,24,,0.18,0
1545.77,104.655,-1.25,80.77,84.94,29.926,0,23.98,,0.18,0
1555.88,104.761,-0.385,80.61,84.77,30.099,0,23.99,,0.18,0
1565.99,104.737,-0.733,80.64,84.81,30.015,0,23.99,,0.18,0
1576.12,104.754,0.769,80.62,84.78,30.079,0,23.96,,0.18,0
1586.18,104.756,1.334,80.62,84.78,29.947,0,23.97,,0.18,0
1596.27,104.777,0.3,80.59,84.75,30.02,0,23.93,,0.17,0
1606.3,104.791,0.373,80.56,84.73,29.961,0,23.91,,0.17,0
1616.5,104.824,-1.815,80.51,84.67,29.971,0,23.94,,0.17,0
1626.56,104.818,-1.995,80.52,84.68,30.075,0,23.91,,0.17,0
1636.6,104.795,-0.12,80.56,84.72,30.079,0,23.95,,0.17,0
1646.76,104.859,0.06,80.46,84.62,30.096,0,23.98,,0.17,0
1656.86,104.795,1.575,80.56,84.72,30.059,0,24.03,,0.17,0
1666.87,104.809,-1.923,80.54,84.7,29.971,0,24.04,,0.17,0
1676.93,104.837,-1.995,80.49,84.65,29.95,0,24.04,,0.17,0
1687.1,104.818,1.995,80.52,84.68,29.932,0,24.05,,0.17,0
1697.16,104.85,0.781,80.48,84.63,29.985,0,24.05,,0.17,0
1707.34,104.812,1.995,80.53,84.69,29.964,0,24.07,,0.17,0
1717.38,104.866,-1.995,80.45,84.61,29.987,0,24.1,,0.17,0
1727.52,104.886,1.478,80.42,84.58,30.061,0,24.09,,0.16,0
1737.7,104.887,1.55,80.42,84.57,29.987,0,24.07,,0.16,0
1747.9,104.87,-0.3,80.44,84.6,29.961,0,24,,0.16,0
1757.97,104.93,0.108,80.35,84.51,30.091,0,24.01,,0.16,0
1768.04,104.946,1.995,80.33,84.48,30.048,0,23.99,,0.16,0
1778.16,104.971,-1.346,80.29,84.44,30.079,0,24.03,,0.16,0
1788.32,104.96,-1.995,80.31,84.46,30.068,0,24.05,,0.16,0
1798.33,105.007,-1.37,80.24,84.38,30.004,0,24.03,,0.16,0
1808.4,105.05,0.733,80.18,84.32,29.97,0,24.01,,0.16,0
1818.58,105.105,0.565,80.09,84.23,29.983,0,23.98,,0.16,0
1828.72,105.143,0.877,80.04,84.17,30.038,0,23.94,,0.16,0
1838.92,105.164,0.793,80,84.14,30.019,0,23.91,,0.16,0
1849.13,105.247,-1.19,79.88,84.01,29.955,0,23.92,,0.16,0
1859.17,105.277,0.096,79.84,83.96,30.024,0,23.93,,0.16,0
1869.29,105.323,0.144,79.77,83.89,30.028,0,23.9,,0.16,0
1879.44,105.377,1.058,79.69,83.8,30.008,0,23.89,,0.15,0
1889.56,105.432,1.082,79.6,83.71,30.074,0,23.87,,0.15,0
1899.73,105.441,-1.25,79.59,83.7,29.957,0,23.88,,0.15,0
1909.84,105.479,1.995,79.53,83.64,30.035,0,23.91,,0.15,0
1919.9,105.498,1.995,79.5,83.61,30.042,0,23.91,,0.15,0
1929.95,105.497,-1.995,79.5,83.61,30.07,0,23.96,,0.15,0
1939.98,105.552,0.517,79.42,83.52,29.937,0,23.98,,0.15,0
1950.04,105.527,-1.214,79.46,83.57,29.987,0,23.99,,0.15,0
1960.21,105.647,0.084,79.28,83.38,29.979,0,23.98,,0.15,0
1970.42,105.669,0.805,79.25,83.34,30.029,0,23.99,,0.15,0
1980.6,105.679,-0.625,79.23,83.32,29.942,0,24.01,,0.15,0
1990.79,105.683,1.815,79.23,83.32,29.91,0,23.98,,0.15,0
2000.91,105.752,-1.731,79.12,83.21,30.032,0,23.97,,0.15,0
2010.93,105.825,-1.863,79.01,83.09,30.069,0,23.99,,0.15,0
2021.14,105.86,-1.875,78.96,83.04,29.987,0,23.95,,0.15,0
2031.2,105.923,1.995,78.87,82.94,29.899,0,23.97,,0.15,0
2041.23,106.02,-0.096,78.72,82.79,30.041,0,23.98,,0.14,0
2051.26,106.032,1.526,78.7,82.77,29.976,0,23.98,,0.14,0
2061.4,106.08,0.637,78.63,82.69,29.97,0,24.04,,0.14,0
2071.44,106.075,1.923,78.64,82.7,29.898,0,24.04,,0.14,0
2081.64,106.144,0.517,78.53,82.59,30.03,0,24.02,,0.14,0
2091.77,106.22,-0.024,78.42,82.47,29.967,0,24,,0.14,0
2101.92,106.216,1.995,78.43,82.48,29.963,0,24,,0.14,0
2112.1,106.265,-0.012,78.35,82.4,29.922,0,24.03,,0.14,0
2122.13,106.26,0.793,78.36,82.41,29.942,0,24.02,,0.14,0
2132.14,106.301,-1.995,78.3,82.34,30.006,0,24.06,,0.14,0
2142.3,106.314,-1.995,78.28,82.32,30.122,0,24.07,,0.14,0
2152.33,106.271,0.481,78.34,82.39,29.92,0,24.1,,0.14,0
2162.5,106.26,0.517,78.36,82.41,30.077,0,24.11,,0.14,0
2172.64,106.301,-0.745,78.3,82.34,30.042,0,24.13,,0.14,0
2182.69,106.212,0.889,78.43,82.48,29.928,0,24.16,,0.14,0
2192.74,106.269,0.108,78.35,82.39,30.022,0,24.2,,0.14,0
2202.9,106.23,-0.18,78.4,82.46,30.009,0,24.18,,0.14,0
2213.08,106.293,-0.757,78.31,82.36,30.063,0,24.18,,0.14,0
2223.1,106.271,-0.589,78.34,82.39,29.966,0,24.16,,0.13,0
2233.3,106.26,-0.877,78.36,82.41,29.952,0,24.18,,0.13,0
2243.51,106.262,0.649,78.36,82.4,29.941,0,24.2,,0.13,0
2253.53,106.27,-1.995,78.34,82.39,30.032,0,24.18,,0.13,0
2263.73,106.224,1.502,78.41,82.47,30.015,0,24.16,,0.13,0
2273.84,106.147,-1.995,78.53,82.59,30.063,0,24.11,,0.13,0
2283.88,106.047,0.156,78.68,82.74,30.062,0,24.06,,0.13,0
2293.89,106.118,0.661,78.57,82.63,30.001,0,24.09,,0.13,0
2304.08,106.282,-1.863,78.33,82.37,29.978,0,24.1,,0.13,0
2314.24,106.241,-0.108,78.39,82.44,29.983,0,24.11,,0.13,0
2324.37,106.252,-1.947,78.37,82.42,29.968,0,24.1,,0.13,0
2334.42,106.093,-1.983,78.61,82.67,29.969,0,24.15,,0.13,0
2344.61,106.05,1.995,78.68,82.74,29.977,0,24.17,,0.13,0
2354.67,106.351,0.817,78.22,82.26,30.099,0,24.16,,0.13,0
2364.69,106.314,1.995,78.28,82.32,29.915,0,24.18,,0.13,0
2374.85,106.311,-1.178,78.28,82.33,29.929,0,24.17,,0.13,0
2385,106.277,-1.995,78.34,82.38,29.958,0,24.16,,0.13,0
2395.05,106.275,-1.382,78.34,82.38,29.937,0,24.19,,0.13,0
2405.15,106.205,-1.142,78.44,82.5,29.945,0,24.17,,0.13,0
2415.33,106.235,1.214,78.4,82.45,29.929,0,24.21,,0.13,0
2425.33,106.309,1.995,78.29,82.33,30.029,0,24.19,,0.13,0
2435.5,106.283,0.998,78.33,82.37,29.95,0,24.14,,0.12,0
2445.68,106.239,-0.793,78.39,82.44,29.987,0,24.19,,0.12,0
2455.88,106.232,1.37,78.4,82.45,30.036,0,24.23,,0.12,0
2466,106.106,-0.072,78.59,82.65,30.01,0,24.07,,0.12,0
2476.1,106.184,1.983,78.47,82.53,29.886,0,24.01,,0.12,0
2486.17,106.369,-1.995,78.2,82.24,29.999,0,24.01,,0.12,0
2496.22,106.437,-0.493,78.09,82.13,29.961,0,24,,0.12,0
2506.32,106.485,-1.046,78.02,82.05,30.098,0,24.07,,0.12,0
2516.43,106.506,0.252,77.99,82.02,29.963,0,24.07,,0.12,0
2526.61,106.515,1.803,77.98,82.01,29.968,0,24.11,,0.12,0
2536.71,106.555,1.022,77.92,81.94,29.953,0,24.16,,0.12,0
2546.82,106.582,-1.37,77.88,81.9,30.012,0,24.22,,0.12,0
2556.84,106.715,-0.877,77.68,81.69,29.976,0,24.21,,0.12,0
2566.97,106.725,0.505,77.66,81.67,30.044,0,24.17,,0.12,0
2577.08,106.733,1.995,77.65,81.66,29.982,0,24.2,,0.12,0
2587.26,106.75,0.925,77.63,81.64,29.929,0,24.21,,0.12,0
2597.41,106.826,-1.995,77.51,81.51,29.94,0,24.23,,0.12,0
2607.52,106.905,-1.995,77.39,81.39,30.011,0,24.25,,0.12,0
2617.72,106.889,-0.228,77.42,81.42,30.056,0,24.25,,0.12,0
2627.74,106.959,-1.214,77.31,81.31,29.922,0,24.25,,0.12,0
2637.75,107.002,-1.995,77.25,81.24,29.957,0,24.25,,0.12,0
2647.94,107.053,-1.995,77.17,81.16,30.106,0,24.29,,0.12,0
2657.98,107.055,-0.517,77.17,81.15,30.089,0,24.32,,0.12,0
2668.02,107.148,-1.995,77.03,81.01,29.974,0,24.31,,0.12,0
2678.19,107.161,0.865,77.01,80.99,30.03,0,24.28,,0.11,0
2688.35,107.152,-0.625,77.02,81,30.01,0,24.24,,0.11,0
2698.4,107.205,1.058,76.94,80.92,30.018,0,24.21,,0.11,0
2708.6,107.269,1.406,76.85,80.82,30.007,0,24.23,,0.11,0
2718.69,107.237,-0.913,76.89,80.87,29.942,0,24.24,,0.11,0
2728.75,107.28,-1.611,76.83,80.8,29.937,0,24.2,,0.11,0
2738.75,107.346,1.995,76.73,80.7,29.945,0,24.18,,0.11,0
2748.81,107.385,1.971,76.67,80.63,29.896,0,24.19,,0.11,0
2758.88,107.473,0.168,76.54,80.5,29.939,0,24.24,,0.11,0
2768.9,107.492,-0.096,76.51,80.47,30.037,0,24.28,,0.11,0
2779.03,107.547,-1.623,76.43,80.38,29.979,0,24.3,,0.11,0
2789.13,107.594,0.433,76.36,80.3,30.021,0,24.32,,0.11,0
2799.13,107.624,-1.995,76.31,80.26,29.997,0,24.26,,0.11,0
2809.27,107.651,-1.995,76.27,80.21,29.959,0,24.22,,0.11,0
2819.36,107.68,-1.214,76.23,80.17,29.96,0,24.27,,0.11,0
2829.4,107.717,1.623,76.17,80.11,30.048,0,24.25,,0.11,0
2839.53,107.762,0.505,76.11,80.04,30.047,0,24.24,,0.11,0
2849.71,107.797,-1.995,76.05,79.98,30.008,0,24.26,,0.11,0
2859.76,107.814,-0.108,76.03,79.96,30.09,0,24.23,,0.11,0
2869.86,107.864,1.334,75.95,79.88,29.978,0,24.25,,0.11,0
2880.03,107.92,1.538,75.87,79.79,29.962,0,24.31,,0.11,0
2890.18,107.915,1.935,75.88,79.8,29.917,0,24.37,,0.11,0
2900.23,107.95,0.192,75.83,79.74,29.972,0,24.36,,0.11,0
2910.35,107.985,1.731,75.77,79.69,29.939,0,24.38,,0.11,0
2920.41,108.042,1.166,75.69,79.6,30.006,0,24.43,,0.11,0
2930.59,108.05,0.781,75.68,79.59,29.907,0,24.47,,0.11,0
2940.67,108.043,1.995,75.69,79.6,29.961,0,24.48,,0.11,0
2950.76,108.147,0.06,75.53,79.43,30.078,0,24.44,,0.11,0
2960.9,108.174,1.01,75.49,79.39,30.06,0,24.42,,0.11,0
2970.96,108.193,-1.995,75.46,79.36,30.041,0,24.42,,0.11,0
2980.97,108.329,-0.204,75.26,79.14,29.997,0,24.4,,0.11,0
2991.05,108.332,1.995,75.25,79.14,30.004,0,24.34,,0.11,0
3001.18,108.416,0.288,75.13,79.01,30.056,0,24.39,,0.1,0
3011.26,108.433,-0.974,75.1,78.98,29.932,0,24.39,,0.1,0
3021.37,108.441,1.995,75.09,78.97,30.032,0,24.45,,0.1,0
3031.53,108.438,0.877,75.09,78.97,29.925,0,24.49,,0.1,0
3041.62,108.43,1.995,75.1,78.98,30,0,24.5,,0.1,0
3051.68,108.502,-1.995,75,78.87,29.997,0,24.49,,0.1,0
3061.82,108.547,1.262,74.93,78.8,30.023,0,24.52,,0.1,0
3071.93,108.611,-0.445,74.83,78.7,30.112,0,24.52,,0.1,0
3082.1,108.578,1.995,74.88,78.75,30.044,0,24.47,,0.1,0
3092.2,108.626,-0.192,74.81,78.68,30.011,0,24.48,,0.1,0
3102.4,108.578,-0.709,74.88,78.75,30.02,0,24.46,,0.1,0
3112.45,108.671,0.156,74.74,78.6,30.038,0,24.42,,0.1,0
3122.63,108.678,-0.829,74.73,78.59,30.045,0,24.43,,0.1,0
3132.7,108.678,0.421,74.73,78.59,29.983,0,24.5,,0.1,0
3142.7,108.751,1.995,74.62,78.48,29.939,0,24.42,,0.1,0
3152.79,108.798,1.466,74.55,78.4,30.045,0,24.43,,0.1,0
3162.82,108.785,1.875,74.57,78.42,29.919,0,24.46,,0.1,0
3173.01,108.869,1.731,74.45,78.29,30.055,0,24.49,,0.1,0
3183.04,108.878,-0.204,74.43,78.28,30.013,0,24.5,,0.1,0
3193.2,108.911,-1.887,74.38,78.23,29.936,0,24.52,,0.1,0
3203.3,108.947,1.995,74.33,78.17,29.979,0,24.49,,0.1,0
3213.35,108.989,1.995,74.27,78.1,30.058,0,24.48,,0.1,0
3223.39,109.012,-0.313,74.23,78.07,29.957,0,24.43,,0.1,0
3233.49,108.964,1.995,74.3,78.14,30.021,0,24.45,,0.1,0
3243.62,109.078,-0.769,74.13,77.96,29.966,0,24.43,,0.1,0
3253.68,109.019,0.204,74.22,78.06,29.983,0,24.41,,0.1,0
3263.83,109.079,0.036,74.13,77.96,29.985,0,24.43,,0.1,0
3274,109.102,1.058,74.1,77.93,30.04,0,24.46,,0.1,0
3284.01,109.061,1.406,74.16,77.99,30.033,0,24.5,,0.1,0
3294.06,109.078,1.995,74.13,77.96,29.925,0,24.49,,0.1,0
3304.27,109.076,-0.709,74.14,77.97,29.913,0,24.43,,0.1,0
3314.32,109.067,1.154,74.15,77.98,29.908,0,24.43,,0.1,0
3324.36,109.152,-0.541,74.02,77.85,29.908,0,24.41,,0.1,0
3334.53,109.192,-1.851,73.96,77.78,30.086,0,24.36,,0.1,0
3344.72,109.274,1.995,73.84,77.65,30.029,0,24.33,,0.1,0
3354.72,109.275,1.995,73.84,77.65,30.021,0,24.33,,0.1,0
3364.85,109.369,1.647,73.7,77.5,30.029,0,24.38,,0.1,0
3375.01,109.378,0.012,73.68,77.49,29.977,0,24.42,,0.1,0
3385.04,109.471,1.046,73.54,77.34,29.968,0,24.47,,0.1,0
3395.04,109.555,0.168,73.42,77.21,29.9,0,24.5,,0.1,0
3405.07,109.61,1.995,73.34,77.12,30.015,0,24.52,,0.1,0
3415.1,109.687,1.995,73.22,77,30.015,0,24.55,,0.1,0
3425.25,109.778,1.563,73.08,76.86,29.974,0,24.55,,0.1,0
3435.43,109.935,1.995,72.85,76.61,29.982,0,24.55,,0.09,0
3445.45,110.046,-0.445,72.68,76.44,30.033,0,24.48,,0.09,0
3455.48,110.164,-1.022,72.5,76.25,30.015,0,24.44,,0.09,0
3465.63,110.225,1.599,72.41,76.15,29.964,0,24.43,,0.09,0
3475.64,110.352,-1.983,72.22,75.95,29.973,0,24.44,,0.09,0
3485.65,110.401,-0.649,72.15,75.88,29.939,0,24.51,,0.09,0
3495.73,110.57,-1.599,71.9,75.61,29.94,0,24.49,,0.09,0
3505.94,110.687,1.995,71.72,75.43,30.018,0,24.53,,0.09,0
3516.07,110.796,-1.827,71.56,75.25,29.988,0,24.55,,0.09,0
3526.21,110.866,0.625,71.45,75.14,30.057,0,24.62,,0.09,0
3536.22,110.943,1.995,71.34,75.02,29.864,0,24.67,,0.09,0
3546.38,111.087,1.995,71.12,74.79,30.006,0,24.68,,0.09,0
3556.47,111.176,-0.084,70.99,74.65,30.012,0,24.66,,0.09,0
3566.65,111.242,-1.767,70.89,74.55,29.964,0,24.64,,0.09,0
3576.85,111.271,1.995,70.84,74.5,30.024,0,24.64,,0.09,0
3586.92,111.374,-0.361,70.69,74.34,29.988,0,24.65,,0.09,0
3597.05,111.412,0.529,70.63,74.28,30.015,0,24.63,,0.09,0
3607.21,111.453,1.791,70.57,74.22,29.985,0,24.58,,0.09,0
3617.22,111.517,-1.995,70.47,74.11,29.978,0,24.56,,0.09,0
3627.38,111.589,0.24,70.37,74,29.953,0,24.62,,0.09,0
3637.39,111.596,-1.995,70.36,73.99,29.979,0,24.6,,0.09,0
3647.58,111.567,1.767,70.4,74.04,29.992,0,24.54,,0.09,0
3657.69,111.681,-0.409,70.23,73.86,29.969,0,24.55,,0.09,0
3667.87,111.679,0.974,70.23,73.86,29.97,0,24.51,,0.09,0
3678.03,111.737,-0.817,70.15,73.77,30.047,0,24.55,,0.09,0
3688.22,111.751,1.238,70.12,73.75,30.063,0,24.6,,0.09,0
3698.25,111.742,1.202,70.14,73.76,30.007,0,24.61,,0.09,0
3708.44,111.766,-0.529,70.1,73.72,29.984,0,24.62,,0.09,0
3718.62,111.776,0.409,70.09,73.71,30.053,0,24.65,,0.09,0
3728.78,111.794,1.274,70.06,73.68,30.044,0,24.69,,0.09,0
3738.81,111.813,1.995,70.03,73.65,29.932,0,24.66,,0.09,0
3748.98,111.928,1.995,69.86,73.47,29.993,0,24.64,,0.09,0
3759.16,111.952,1.563,69.82,73.43,29.895,0,24.64,,0.09,0
3769.31,111.988,1.803,69.77,73.37,29.911,0,24.61,,0.09,0
3779.34,112.067,1.13,69.65,73.25,29.996,0,24.55,,0.09,0
3789.53,112.139,0.865,69.54,73.13,30.053,0,24.55,,0.09,0
3799.71,112.183,1.611,69.48,73.07,29.902,0,24.61,,0.09,0
3809.72,112.308,0.132,69.29,72.87,29.982,0,24.61,,0.09,0
3819.75,112.375,0.962,69.19,72.76,29.997,0,24.57,,0.09,0
3829.78,112.442,1.995,69.09,72.66,29.911,0,24.59,,0.09,0
3839.82,112.569,-0.373,68.9,72.46,30.023,0,24.61,,0.09,0
3849.84,112.635,1.755,68.8,72.35,30.025,0,24.63,,0.09,0
3859.86,112.701,-1.995,68.7,72.25,29.961,0,24.65,,0.09,0
3870.01,112.752,1.743,68.62,72.17,30.016,0,24.65,,0.09,0
3880.18,112.785,-1.995,68.57,72.11,30.02,0,24.6,,0.09,0
3890.31,112.745,0.264,68.63,72.18,29.984,0,24.59,,0.09,0
3900.46,112.754,1.394,68.62,72.16,29.975,0,24.64,,0.09,0
3910.66,112.826,-0.132,68.51,72.05,29.919,0,24.58,,0.09,0
3920.87,112.819,1.106,68.52,72.06,30.07,0,24.64,,0.09,0
3931.04,112.83,1.995,68.5,72.04,29.953,0,24.69,,0.09,0
3941.24,112.817,1.19,68.52,72.06,30.039,0,24.7,,0.09,0
3951.38,112.935,-1.995,68.35,71.88,30.018,0,24.67,,0.09,0
3961.39,112.937,-0.216,68.35,71.88,29.958,0,24.65,,0.09,0
3971.41,112.92,-0.096,68.37,71.9,29.931,0,24.69,,0.09,0
3981.42,112.948,-1.022,68.33,71.86,29.901,0,24.7,,0.09,0
3991.58,112.942,1.995,68.34,71.87,30.005,0,24.74,,0.09,0
4001.69,112.922,-1.575,68.37,71.9,29.951,0,24.66,,0.09,0
4011.7,112.902,1.863,68.4,71.93,29.961,0,24.7,,0.09,0
4021.76,112.957,-1.995,68.31,71.84,30.037,0,24.65,,0.09,0
4031.78,112.911,-1.394,68.38,71.92,30.045,0,24.65,,0.09,0
4041.93,112.837,-0.433,68.5,72.03,29.997,0,24.69,,0.09,0
4051.98,112.761,-1.55,68.61,72.15,29.976,0,24.68,,0.09,0
4062.02,112.863,1.382,68.45,71.99,29.887,0,24.67,,0.09,0
4072.19,112.997,-1.454,68.25,71.78,29.962,0,24.66,,0.09,0
4082.37,113.001,1.995,68.25,71.78,30.083,0,24.7,,0.09,0
4092.39,112.989,-1.394,68.27,71.79,29.982,0,24.71,,0.09,0
4102.6,112.963,-0.721,68.3,71.83,29.911,0,24.67,,0.09,0
4112.67,113.078,1.671,68.13,71.65,30.011,0,24.66,,0.09,0
4122.83,113.183,1.995,67.98,71.49,29.973,0,24.72,,0.09,0
4132.98,113.317,1.995,67.77,71.28,29.975,0,24.68,,0.09,0
4142.99,113.431,0.132,67.6,71.1,29.947,0,24.67,,0.08,0
4153.18,113.517,-1.995,67.47,70.96,30.016,0,24.7,,0.08,0
4163.33,113.581,1.995,67.38,70.86,30.002,0,24.75,,0.08,0
4173.41,113.645,1.767,67.28,70.76,29.987,0,24.73,,0.08,0
4183.41,113.83,-0.433,67,70.47,30.019,0,24.75,,0.08,0
4193.43,113.902,-0.721,66.9,70.35,29.937,0,24.75,,0.08,0
4203.64,113.947,1.995,66.83,70.28,29.974,0,24.8,,0.08,0
4213.78,114.11,1.995,66.59,70.03,30.007,0,24.76,,0.08,0
4223.97,114.225,-0.865,66.41,69.84,30.094,0,24.75,,0.08,0
4233.98,114.294,1.526,66.31,69.73,30.008,0,24.79,,0.08,0
4244.01,114.42,0.637,66.12,69.54,29.974,0,24.83,,0.08,0
4254.14,114.495,-0.95,66.01,69.42,30.065,0,24.83,,0.08,0
4264.33,114.604,1.803,65.84,69.25,29.956,0,24.8,,0.08,0
4274.49,114.717,1.298,65.67,69.07,29.889,0,24.78,,0.08,0
4284.49,114.813,-1.995,65.53,68.92,29.967,0,24.8,,0.08,0
4294.62,114.844,-1.995,65.48,68.87,29.967,0,24.77,,0.08,0
4304.64,114.943,0,65.34,68.71,29.954,0,24.71,,0.08,0
4314.68,115.052,-0.3,65.17,68.54,30.005,0,24.63,,0.08,0
4324.87,115.144,1.995,65.03,68.39,29.985,0,24.69,,0.08,0
4334.88,115.235,1.995,64.9,68.25,29.943,0,24.75,,0.08,0
4344.88,115.372,1.995,64.69,68.03,29.978,0,24.72,,0.08,0
4354.9,115.508,1.575,64.49,67.82,29.964,0,24.66,,0.08,0
4364.96,115.607,-1.142,64.34,67.66,30.024,0,24.64,,0.08,0
4374.97,115.7,-1.226,64.2,67.52,30.101,0,24.75,,0.08,0
4385.01,115.775,-1.274,64.09,67.4,30.098,0,24.8,,0.08,0
4395.04,115.807,-1.514,64.04,67.35,30.04,0,24.78,,0.08,0
4405.2,115.877,-1.298,63.93,67.24,29.926,0,24.81,,0.08,0
4415.37,116.012,-0.517,63.73,67.02,30.005,0,24.81,,0.08,0
4425.53,116.158,1.995,63.51,66.79,30.018,0,24.77,,0.08,0
4435.68,116.267,-0.3,63.35,66.62,30,0,24.76,,0.08,0
4445.71,116.267,-1.01,63.35,66.62,29.97,0,24.76,,0.08,0
4455.75,116.402,0.529,63.15,66.41,30.026,0,24.79,,0.08,0
4465.92,116.502,-0.288,63,66.25,29.942,0,24.77,,0.08,0
4475.92,116.586,-0.613,62.87,66.12,29.959,0,24.74,,0.08,0
4486,116.68,-1.911,62.73,65.97,29.99,0,24.75,,0.08,0
4496.01,116.73,-1.995,62.66,65.89,30.015,0,24.77,,0.08,0
4506.2,116.848,-1.791,62.48,65.71,30.115,0,24.8,,0.08,0
4516.24,116.93,-1.995,62.36,65.58,30.057,0,24.82,,0.08,0
4526.29,116.959,0.288,62.31,65.53,29.971,0,24.81,,0.08,0
4536.29,117.029,0.962,62.21,65.42,30.062,0,24.76,,0.08,0
4546.3,117.099,1.995,62.1,65.31,29.921,0,24.72,,0.08,0
4556.46,117.238,1.995,61.89,65.09,30.014,0,24.68,,0.08,0
4566.59,117.354,1.971,61.72,64.91,30.011,0,24.67,,0.08,0
4576.79,117.461,1.37,61.56,64.74,30.064,0,24.73,,0.08,0
4586.98,117.516,1.647,61.48,64.65,30.009,0,24.77,,0.08,0
4597.16,117.558,1.995,61.41,64.59,30.008,0,24.75,,0.08,0
4607.34,117.665,1.37,61.25,64.42,29.99,0,24.78,,0.08,0
4617.55,117.731,-1.995,61.15,64.31,29.975,0,24.72,,0.08,0
4627.55,117.715,-0.841,61.18,64.34,29.921,0,24.73,,0.08,0
4637.58,117.829,-1.995,61.01,64.16,29.984,0,24.73,,0.08,0
4647.64,117.866,-0.529,60.95,64.1,29.898,0,24.76,,0.08,0
4657.79,117.979,-0.168,60.78,63.92,29.964,0,24.75,,0.08,0
4667.94,117.989,0.156,60.77,63.91,29.898,0,24.77,,0.08,0
4678.03,118.086,1.995,60.62,63.75,29.908,0,24.75,,0.08,0
4688.18,118.134,1.995,60.55,63.68,30.008,0,24.75,,0.08,0
4698.35,118.218,-0.108,60.42,63.54,29.97,0,24.71,,0.08,0
4708.4,118.222,1.995,60.42,63.54,29.908,0,24.71,,0.08,0
4718.56,118.308,1.995,60.29,63.4,29.96,0,24.8,,0.08,0
4728.73,118.363,1.743,60.21,63.32,29.999,0,24.83,,0.08,0
4738.74,118.326,-1.995,60.26,63.37,29.955,0,24.84,,0.08,0
4748.86,118.311,1.394,60.28,63.4,30.033,0,24.84,,0.08,0
4759.06,118.395,1.118,60.16,63.27,30.001,0,24.78,,0.08,0
4769.06,118.375,-1.13,60.19,63.3,30.09,0,24.82,,0.08,0
4779.12,118.362,-0.625,60.21,63.32,29.941,0,24.74,,0.08,0
4789.32,118.435,1.767,60.1,63.2,29.995,0,24.7,,0.08,0
4799.32,118.531,1.587,59.95,63.05,30.029,0,24.78,,0.08,0
4809.44,118.586,1.995,59.87,62.96,29.976,0,24.82,,0.08,0
4819.56,118.638,1.647,59.79,62.88,29.952,0,24.82,,0.08,0
4829.66,118.614,1.995,59.83,62.92,29.89,0,24.84,,0.08,0
4839.8,118.645,-0.361,59.78,62.87,29.974,0,24.81,,0.08,0
4849.86,118.736,0.24,59.65,62.73,29.934,0,24.82,,0.08,0
4860.05,118.775,1.466,59.59,62.67,29.963,0,24.73,,0.08,0
4870.07,118.844,1.358,59.48,62.56,29.949,0,24.79,,0.08,0
4880.08,118.89,1.995,59.41,62.48,29.938,0,24.79,,0.08,0
4890.13,119.026,0.577,59.21,62.27,30.106,0,24.75,,0.08,0
4900.22,119.049,-1.995,59.18,62.23,29.962,0,24.75,,0.08,0
4910.39,119.088,-0.361,59.12,62.17,29.999,0,24.72,,0.08,0
4920.44,119.158,1.995,59.01,62.06,29.963,0,24.79,,0.08,0
4930.6,119.204,1.995,58.94,61.99,29.841,0,24.86,,0.08,0
4940.74,119.238,1.995,58.89,61.94,29.968,0,24.86,,0.08,0
4950.8,119.381,-0.06,58.68,61.71,29.997,0,24.91,,0.08,0
4960.89,119.377,1.875,58.68,61.72,30.017,0,24.96,,0.08,0
4970.98,119.459,-0.264,58.56,61.59,30.061,0,25.01,,0.08,0
4981.05,119.52,-1.563,58.47,61.49,30.116,0,24.91,,0.08,0
4991.23,119.462,-1.106,58.56,61.58,30.082,0,24.93,,0.08,0
5001.27,119.418,-0.769,58.62,61.65,30.032,0,24.84,,0.08,0
5011.46,119.418,0.745,58.62,61.65,30.051,0,24.95,,0.08,0
5021.61,119.449,-1.695,58.58,61.6,30.043,0,25,,0.08,0
5031.79,119.414,-0.853,58.63,61.66,30.005,0,24.94,,0.08,0
5041.86,119.429,-1.995,58.61,61.63,29.991,0,24.95,,0.08,0
5051.98,119.407,0.313,58.64,61.67,30.062,0,24.91,,0.08,0
5062.1,119.407,-0.817,58.64,61.67,29.947,0,24.93,,0.08,0
5072.24,119.432,-1.995,58.6,61.63,30.026,0,24.9,,0.08,0
5082.41,119.426,-0.529,58.61,61.64,29.98,0,24.85,,0.08,0
5092.48,119.423,1.995,58.61,61.64,30.029,0,24.78,,0.08,0
5102.57,119.395,0.553,58.66,61.69,30.054,0,24.73,,0.08,0
5112.63,119.4,-1.406,58.65,61.68,30.05,0,24.79,,0.08,0
5122.83,119.372,1.995,58.69,61.72,29.932,0,24.81,,0.08,0
5132.89,119.367,-0.95,58.7,61.73,30.017,0,24.85,,0.08,0
5143.09,119.325,-1.563,58.76,61.8,29.969,0,24.8,,0.08,0
5153.17,119.235,-0.156,58.9,61.94,30.062,0,24.85,,0.08,0
5163.31,119.334,1.995,58.75,61.78,29.967,0,24.92,,0.08,0
5173.42,119.466,1.166,58.55,61.58,29.983,0,24.96,,0.08,0
5183.43,119.466,-0.865,58.55,61.58,29.976,0,24.89,,0.08,0
5193.56,119.47,1.995,58.55,61.57,30.006,0,24.86,,0.08,0
5203.72,119.458,1.995,58.56,61.59,29.981,0,24.79,,0.08,0
5213.82,119.503,-0.589,58.5,61.52,29.983,0,24.81,,0.08,0
5223.99,119.527,-1.995,58.46,61.48,30.021,0,24.77,,0.08,0
5234.16,119.473,1.983,58.54,61.56,30.01,0,24.77,,0.08,0
5244.18,119.482,0.601,58.53,61.55,29.944,0,24.75,,0.08,0
5254.38,119.48,-1.995,58.53,61.55,29.972,0,24.73,,0.08,0
5264.42,119.472,0.613,58.54,61.57,29.988,0,24.72,,0.08,0
5274.46,119.452,-0.337,58.57,61.6,30.068,0,24.72,,0.08,0
5284.49,119.445,-0.144,58.58,61.61,29.948,0,24.69,,0.08,0
5294.58,119.457,-1.154,58.56,61.59,29.949,0,24.68,,0.08,0
5304.67,119.447,1.995,58.58,61.61,30.039,0,24.67,,0.08,0
5314.7,119.443,0,58.59,61.61,29.918,0,24.65,,0.08,0
5324.75,119.444,0.565,58.58,61.61,30.098,0,24.67,,0.08,0
5334.92,119.423,1.995,58.61,61.64,29.977,0,24.71,,0.08,0
5345,119.447,1.995,58.58,61.61,30.012,0,24.78,,0.08,0
5355.18,119.427,-1.19,58.61,61.64,29.998,0,24.84,,0.08,0
5365.29,119.43,-0.457,58.61,61.63,30.048,0,24.89,,0.08,0
5375.39,119.389,-1.046,58.67,61.7,30.031,0,24.88,,0.08,0
5385.51,119.405,-1.502,58.64,61.67,29.937,0,24.8,,0.08,0
5395.58,119.445,-0.553,58.58,61.61,29.968,0,24.73,,0.08,0
5405.69,119.43,1.995,58.61,61.63,30.043,0,24.72,,0.08,0
5415.85,119.416,0.337,58.63,61.66,29.945,0,24.71,,0.08,0
5425.86,119.353,-1.995,58.72,61.75,29.957,0,24.73,,0.08,0
5435.97,119.464,0.24,58.55,61.58,30.038,0,24.72,,0.08,0
5446.09,119.461,-0.204,58.56,61.58,29.972,0,24.73,,0.08,0
5456.18,119.423,-1.719,58.61,61.64,29.945,0,24.78,,0.08,0
5466.35,119.325,0.421,58.76,61.8,30.083,0,24.83,,0.08,0
5476.49,119.259,-1.827,58.86,61.9,30.097,0,24.85,,0.08,0
5486.58,119.23,-1.995,58.91,61.95,30.079,0,24.84,,0.08,0
5496.59,119.352,1.995,58.72,61.76,29.983,0,24.81,,0.08,0
5506.64,119.485,-0.709,58.52,61.55,30.01,0,24.81,,0.08,0
5516.65,119.507,-0.108,58.49,61.51,29.979,0,24.81,,0.08,0
5526.74,119.48,0.577,58.53,61.55,29.966,0,24.82,,0.08,0
5536.88,119.468,-1.995,58.55,61.57,29.962,0,24.8,,0.08,0
5547.07,119.476,-1.995,58.54,61.56,30.033,0,24.8,,0.08,0
5557.26,119.486,1.166,58.52,61.54,30.019,0,24.81,,0.08,0
5567.4,119.409,1.995,58.64,61.67,29.961,0,24.81,,0.08,0
5577.42,119.443,1.046,58.59,61.61,29.991,0,24.74,,0.08,0
5587.58,119.429,-1.743,58.61,61.63,30.002,0,24.74,,0.08,0
5597.76,119.427,0.649,58.61,61.64,29.902,0,24.75,,0.08,0
5607.96,119.435,-0.108,58.6,61.62,29.989,0,24.79,,0.08,0
5618.17,119.395,1.19,58.66,61.69,30.037,0,24.83,,0.08,0
5628.37,119.441,0.589,58.59,61.61,30.004,0,24.79,,0.08,0
5638.57,119.421,-1.406,58.62,61.65,30.051,0,24.79,,0.08,0
5648.6,119.462,-0.445,58.56,61.58,30.072,0,24.79,,0.08,0
5658.73,119.45,0.168,58.57,61.6,30.053,0,24.76,,0.08,0
5668.9,119.454,-1.046,58.57,61.59,29.964,0,24.81,,0.08,0
5679.02,119.413,-1.01,58.63,61.66,30.029,0,24.79,,0.08,0
5689.17,119.458,-1.214,58.56,61.59,30.041,0,24.85,,0.08,0
5699.38,119.434,1.995,58.6,61.63,29.986,0,24.87,,0.08,0
5709.49,119.427,-1.791,58.61,61.64,29.993,0,24.8,,0.08,0
5719.64,119.363,0.06,58.71,61.74,30.006,0,24.77,,0.08,0
5729.64,119.298,1.538,58.8,61.84,30.021,0,24.76,,0.08,0
5739.84,119.227,1.731,58.91,61.95,30.032,0,24.74,,0.08,0
5749.91,119.347,1.995,58.73,61.76,29.97,0,24.77,,0.08,0
5760.05,119.434,0.096,58.6,61.63,29.996,0,24.8,,0.08,0
5770.14,119.458,1.13,58.56,61.59,29.949,0,24.78,,0.08,0
5780.15,119.457,0.577,58.56,61.59,30.034,0,24.79,,0.08,0
5790.32,119.445,0.084,58.58,61.61,29.988,0,24.79,,0.08,0
5800.44,119.417,0.288,58.62,61.65,30.027,0,24.84,,0.08,0
5810.46,119.426,0.228,58.61,61.64,29.938,0,24.84,,0.08,0
5820.66,119.4,-1.839,58.65,61.68,29.952,0,24.87,,0.08,0
5830.82,119.425,1.947,58.61,61.64,29.895,0,24.81,,0.08,0
5840.99,119.43,1.575,58.61,61.63,30.024,0,24.85,,0.08,0
5851.01,119.449,1.599,58.58,61.6,30.06,0,24.82,,0.08,0
5861.05,119.371,-0.421,58.69,61.73,29.958,0,24.79,,0.08,0
5871.2,119.405,-0.168,58.64,61.67,30.045,0,24.79,,0.08,0
5881.4,119.371,0.445,58.69,61.73,30.023,0,24.75,,0.08,0
5891.4,119.313,0.565,58.78,61.82,29.949,0,24.73,,0.08,0
5901.58,119.252,1.082,58.87,61.91,30.052,0,24.72,,0.08,0
5911.73,119.288,0.529,58.82,61.86,30.006,0,24.68,,0.08,0
5921.73,119.273,-0.228,58.84,61.88,30.053,0,24.66,,0.08,0
5931.76,119.24,-1.695,58.89,61.93,29.971,0,24.66,,0.08,0
5941.85,119.257,0.577,58.86,61.91,30.033,0,24.67,,0.08,0
5951.98,119.229,-0.601,58.91,61.95,30.043,0,24.66,,0.08,0
5961.99,119.25,0.974,58.87,61.92,29.968,0,24.66,,0.08,0
5972.08,119.232,1.55,58.9,61.94,29.895,0,24.65,,0.08,0
5982.25,119.4,-0.733,58.65,61.68,30.07,0,24.64,,0.08,0
5992.27,119.435,0.986,58.6,61.62,29.939,0,24.67,,0.08,0
6002.43,119.407,-1.454,58.64,61.67,29.951,0,24.67,,0.08,0
6012.61,119.416,-1.995,58.63,61.66,29.998,0,24.7,,0.08,0
6022.76,119.432,0.589,58.6,61.63,29.977,0,24.71,,0.08,0
6032.89,119.463,-0.084,58.56,61.58,29.975,0,24.7,,0.08,0
6043.09,119.461,1.274,58.56,61.58,30.021,0,24.75,,0.08,0
6053.22,119.441,-1.31,58.59,61.61,29.942,0,24.76,,0.08,0
6063.37,119.435,1.587,58.6,61.62,30.013,0,24.78,,0.08,0
6073.52,119.457,-1.995,58.56,61.59,29.954,0,24.83,,0.08,0
6083.6,119.467,1.142,58.55,61.57,30.029,0,24.91,,0.08,0
6093.78,119.432,-0.469,58.6,61.63,29.968,0,24.95,,0.08,0
6103.96,119.45,1.094,58.57,61.6,30.03,0,24.97,,0.08,0
6114.09,119.44,-0.264,58.59,61.62,30.015,0,24.95,,0.08,0
6124.28,119.436,-0.697,58.6,61.62,30.128,0,25.01,,0.08,0
6134.4,119.42,1.034,58.62,61.65,30.012,0,25.04,,0.08,0
6144.55,119.382,1.599,58.68,61.71,29.995,0,25.03,,0.08,0
6154.58,119.458,1.154,58.56,61.59,29.948,0,24.99,,0.08,0
6164.76,119.363,0.397,58.71,61.74,29.974,0,24.96,,0.08,0
6174.94,119.395,0.036,58.66,61.69,30.058,0,24.96,,0.08,0
6185.1,119.455,-1.202,58.57,61.59,29.988,0,24.92,,0.08,0
6195.29,119.335,-1.995,58.75,61.78,30.049,0,24.95,,0.08,0
6205.45,119.313,1.995,58.78,61.82,30.021,0,24.89,,0.08,0
6215.58,119.264,1.887,58.85,61.89,30.015,0,24.86,,0.08,0
6225.69,119.22,-0.865,58.92,61.96,30.059,0,24.86,,0.08,0
6235.83,119.384,1.995,58.67,61.71,29.885,0,24.88,,0.08,0
6245.99,119.43,1.995,58.61,61.63,29.931,0,24.96,,0.08,0
6256.03,119.381,1.514,58.68,61.71,29.918,0,24.96,,0.08,0
6266.24,119.386,1.154,58.67,61.7,30.007,0,24.99,,0.08,0
6276.38,119.438,0.469,58.59,61.62,29.928,0,24.95,,0.08,0
6286.57,119.403,0.697,58.65,61.68,29.966,0,24.93,,0.08,0
6296.71,119.382,-0.637,58.68,61.71,29.97,0,24.89,,0.08,0
6306.73,119.257,-1.034,58.86,61.91,30.031,0,24.87,,0.08,0
6316.9,119.309,-0.589,58.79,61.82,29.943,0,24.85,,0.08,0
6327.05,119.322,0.913,58.77,61.8,30.068,0,24.87,,0.08,0
6337.25,119.358,1.599,58.71,61.75,30.002,0,24.9,,0.08,0
6347.34,119.343,-1.599,58.74,61.77,29.963,0,24.95,,0.08,0
6357.53,119.326,-0.613,58.76,61.8,29.981,0,24.94,,0.08,0
6367.72,119.311,-1.995,58.78,61.82,30.039,0,24.92,,0.08,0
6377.92,119.216,-1.382,58.93,61.97,30,0,24.91,,0.08,0
6387.93,119.239,1.995,58.89,61.93,29.942,0,24.91,,0.08,0
6398.09,119.37,-1.13,58.7,61.73,29.961,0,24.9,,0.08,0
6408.24,119.353,-1.31,58.72,61.75,29.961,0,24.94,,0.08,0
6418.38,119.272,-1.875,58.84,61.88,30.022,0,24.98,,0.08,0
6428.5,119.188,0.156,58.97,62.02,29.894,0,24.94,,0.08,0
6438.69,119.357,-0.168,58.71,61.75,29.95,0,24.97,,0.08,0
6448.89,119.384,-1.743,58.67,61.71,30.008,0,25.01,,0.08,0
6459,119.364,1.37,58.7,61.74,30.014,0,24.97,,0.08,0
6469.15,119.438,-1.995,58.59,61.62,29.971,0,24.91,,0.08,0
6479.2,119.394,1.37,58.66,61.69,30.036,0,24.94,,0.08,0
6489.35,119.43,1.995,58.61,61.63,29.944,0,25.05,,0.08,0
6499.47,119.477,0.841,58.53,61.56,30.105,0,25,,0.08,0
6509.58,119.449,-0.745,58.58,61.6,29.968,0,25.02,,0.08,0
6519.71,119.417,1.995,58.62,61.65,30.009,0,25,,0.08,0
6529.73,119.37,-1.827,58.7,61.73,29.97,0,25.03,,0.08,0
6539.76,119.432,-0.709,58.6,61.63,30.038,0,25.07,,0.08,0
6549.93,119.438,1.466,58.59,61.62,30.044,0,25.08,,0.08,0
6560.07,119.422,0.877,58.62,61.65,29.909,0,25.13,,0.08,0
6570.24,119.462,-0.517,58.56,61.58,29.938,0,25.08,,0.08,0
6580.32,119.466,-1.995,58.55,61.58,29.978,0,25.07,,0.08,0
6590.45,119.455,0.889,58.57,61.59,30.034,0,25.06,,0.08,0
6600.57,119.445,-0.433,58.58,61.61,30.038,0,25.17,,0.08,0
6610.74,119.467,-0.733,58.55,61.57,29.982,0,25.23,,0.08,0
6620.77,119.458,0.024,58.56,61.59,30.036,0,25.21,,0.08,0
6630.93,119.447,1.995,58.58,61.61,30.03,0,25.2,,0.08,0
6641.06,119.444,0.192,58.58,61.61,30.08,0,25.16,,0.08,0
6651.1,119.429,-0.565,58.61,61.63,29.928,0,25.19,,0.08,0
6661.3,119.402,1.995,58.65,61.68,29.993,0,25.22,,0.08,0
6671.47,119.404,1.298,58.64,61.67,29.984,0,25.25,,0.08,0
6681.6,119.429,-1.154,58.61,61.63,30.014,0,25.18,,0.08,0
6691.62,119.403,-1.178,58.65,61.68,29.939,0,25.2,,0.08,0
6701.68,119.394,0.252,58.66,61.69,30.041,0,25.19,,0.08,0
6711.78,119.45,0.036,58.57,61.6,29.967,0,25.19,,0.08,0
6721.95,119.439,-0.385,58.59,61.62,30.086,0,25.2,,0.08,0
6732.08,119.357,1.466,58.71,61.75,30.057,0,25.14,,0.08,0
6742.26,119.362,0.144,58.71,61.74,30.013,0,25.11,,0.08,0
6752.41,119.361,-1.995,58.71,61.74,29.993,0,25.07,,0.08,0
6762.53,119.409,0.024,58.64,61.67,30.047,0,25.05,,0.08,0
6772.53,119.4,1.647,58.65,61.68,30.042,0,25.06,,0.08,0
6782.71,119.417,1.995,58.62,61.65,29.994,0,25.03,,0.08,0
6792.77,119.411,0,58.63,61.66,29.96,0,25.03,,0.08,0
6802.94,119.402,-0.661,58.65,61.68,29.939,0,25.1,,0.08,0
6812.99,119.435,-1.995,58.6,61.62,29.969,0,25.12,,0.08,0
6823.04,119.359,-0.313,58.71,61.74,30.012,0,25.15,,0.08,0
6833.16,119.312,0.072,58.78,61.82,29.996,0,25.14,,0.08,0
6843.3,119.418,0.024,58.62,61.65,29.978,0,25.09,,0.08,0
6853.31,119.414,-0.409,58.63,61.66,29.931,0,25.09,,0.08,0
6863.47,119.422,-0.625,58.62,61.65,30.056,0,25.14,,0.08,0
6873.58,119.345,-1.995,58.73,61.77,30.081,0,25.13,,0.08,0
6883.69,119.305,1.466,58.79,61.83,29.959,0,25.09,,0.08,0
6893.73,119.298,0.433,58.8,61.84,30.012,0,25.15,,0.08,0
6903.93,119.332,0.925,58.75,61.79,29.995,0,25.14,,0.08,0
6914.11,119.293,0.24,58.81,61.85,29.972,0,25.16,,0.08,0
6924.26,119.195,-1.382,58.96,62,29.934,0,25.11,,0.08,0
6934.26,119.382,1.887,58.68,61.71,30.051,0,25.08,,0.08,0
6944.36,119.393,-1.995,58.66,61.69,29.98,0,25.04,,0.08,0
6954.42,119.388,0.048,58.67,61.7,29.959,0,25,,0.08,0
6964.54,119.443,-1.923,58.59,61.61,30.057,0,24.98,,0.08,0
6974.73,119.436,-0.06,58.6,61.62,29.978,0,24.96,,0.08,0
6984.83,119.42,0.517,58.62,61.65,30.032,0,24.96,,0.08,0
6994.89,119.408,-1.43,58.64,61.67,30.031,0,24.99,,0.08,0
7005.02,119.399,-1.55,58.65,61.68,29.925,0,25.03,,0.08,0
7015.11,119.42,-1.995,58.62,61.65,30.019,0,25.02,,0.08,0
7025.28,119.361,-0.421,58.71,61.74,30.114,0,25,,0.08,0
7035.43,119.179,-0.3,58.98,62.03,29.936,0,24.98,,0.08,0
7045.48,119.389,0.433,58.67,61.7,29.955,0,24.98,,0.08,0
7055.48,119.402,-0.252,58.65,61.68,29.951,0,24.98,,0.08,0
7065.62,119.425,-0.577,58.61,61.64,29.963,0,24.96,,0.08,0
7075.81,119.382,0.745,58.68,61.71,30.038,0,24.93,,0.08,0
7085.88,119.359,0.445,58.71,61.74,29.938,0,24.95,,0.08,0
7095.89,119.416,1.995,58.63,61.66,30.043,0,24.92,,0.08,0
7106.05,119.386,-1.647,58.67,61.7,29.921,0,24.94,,0.08,0
7116.18,119.398,0.264,58.65,61.68,30.001,0,24.94,,0.08,0
7126.32,119.395,1.671,58.66,61.69,30.008,0,24.97,,0.08,0
7136.47,119.395,-0.998,58.66,61.69,30.068,0,24.99,,0.08,0
7146.67,119.453,-0.012,58.57,61.6,29.95,0,25.04,,0.08,0
7156.8,119.395,-0.433,58.66,61.69,30.013,0,25.05,,0.08,0
7166.83,119.416,1.094,58.63,61.66,30.05,0,25.06,,0.08,0
7176.92,119.435,-0.841,58.6,61.62,30.05,0,25.07,,0.08,0
7187.07,119.397,-0.505,58.66,61.69,29.993,0,25.07,,0.08,0
7197.11,119.385,0.144,58.67,61.7,30.006,0,25.01,,0.08,0
7207.12,119.384,0.3,58.67,61.71,29.971,0,24.98,,0.08,0
7217.24,119.321,1.058,58.77,61.8,29.923,0,25,,0.08,0
7227.27,119.398,1.911,58.65,61.68,29.964,0,24.96,,0.08,0
7237.36,119.367,-0.625,58.7,61.73,30.071,0,24.98,,0.08,0
7247.46,119.363,0.565,58.71,61.74,30.061,0,24.96,,0.08,0
7257.66,119.338,1.214,58.74,61.78,30.048,0,24.97,,0.08,0
7267.67,119.384,-0.349,58.67,61.71,30.027,0,24.98,,0.08,0
7277.78,119.426,-0.216,58.61,61.64,29.969,0,24.96,,0.08,0
7287.89,119.4,1.286,58.65,61.68,29.973,0,24.99,,0.08,0
7298.03,119.352,1.466,58.72,61.76,29.935,0,24.97,,0.08,0
7308.17,119.339,1.947,58.74,61.78,30.045,0,24.98,,0.08,0
7318.19,119.358,-1.995,58.71,61.75,29.961,0,24.97,,0.08,0
7328.35,119.33,-0.445,58.76,61.79,29.988,0,24.95,,0.08,0
7338.51,119.304,1.502,58.79,61.83,29.987,0,25,,0.08,0
7348.71,119.398,0.036,58.65,61.68,29.943,0,25.03,,0.08,0
7358.85,119.403,-1.695,58.65,61.68,29.944,0,25.04,,0.08,0
7368.87,119.411,-0.529,58.63,61.66,30.083,0,25.08,,0.08,0
7378.99,119.381,1.31,58.68,61.71,29.928,0,25.05,,0.08,0
7389.17,119.423,0.493,58.61,61.64,30.069,0,25.09,,0.08,0
7399.19,119.436,-1.214,58.6,61.62,30.069,0,25.13,,0.08,0
7409.36,119.384,1.082,58.67,61.71,29.969,0,25.19,,0.08,0
7419.47,119.381,-1.118,58.68,61.71,29.966,0,25.14,,0.08,0
7429.63,119.422,0.313,58.62,61.65,29.969,0,25.08,,0.08,0
7439.83,119.407,-0.421,58.64,61.67,30.1,0,25.12,,0.08,0
7450.02,119.402,1.803,58.65,61.68,30.035,0,25.13,,0.08,0
7460.03,119.426,1.827,58.61,61.64,30.028,0,25.2,,0.08,0
7470.06,119.395,1.767,58.66,61.69,30.056,0,25.26,,0.08,0
7480.23,119.425,0.889,58.61,61.64,30.01,0,25.24,,0.08,0
7490.41,119.412,-0.601,58.63,61.66,29.957,0,25.17,,0.08,0
7500.58,119.403,1.262,58.65,61.68,29.88,0,25.09,,0.08,0
7510.67,119.391,1.995,58.66,61.69,29.981,0,25.05,,0.08,0
7520.8,119.405,-1.995,58.64,61.67,29.976,0,25.11,,0.08,0
7530.94,119.393,0.517,58.66,61.69,29.966,0,25.1,,0.08,0
7541.14,119.425,0.156,58.61,61.64,29.952,0,25.09,,0.08,0
7551.3,119.427,-0.745,58.61,61.64,30.04,0,25.13,,0.08,0
7561.43,119.397,-0.95,58.66,61.69,29.964,0,25.16,,0.08,0
7571.57,119.436,-1.31,58.6,61.62,29.976,0,25.17,,0.08,0
7581.74,119.4,1.995,58.65,61.68,30.008,0,25.13,,0.08,0
7591.87,119.413,-1.995,58.63,61.66,29.962,0,25.15,,0.08,0
7601.98,119.42,1.851,58.62,61.65,30.024,0,25.19,,0.08,0
7612.11,119.408,-1.995,58.64,61.67,29.946,0,25.19,,0.08,0
7622.28,119.412,-1.37,58.63,61.66,29.954,0,25.13,,0.08,0
7632.3,119.408,-1.995,58.64,61.67,29.963,0,25.18,,0.08,0
7642.31,119.422,0.769,58.62,61.65,30.06,0,25.18,,0.08,0
7652.47,119.414,-0.649,58.63,61.66,30.08,0,25.16,,0.08,0
7662.6,119.408,-1.803,58.64,61.67,29.978,0,25.17,,0.08,0
7672.75,119.412,0.925,58.63,61.66,29.955,0,25.16,,0.08,0
7682.86,119.399,-0.072,58.65,61.68,29.923,0,25.14,,0.08,0
7692.88,119.425,1.995,58.61,61.64,30.056,0,25.09,,0.08,0
7703.08,119.429,-0.962,58.61,61.63,29.967,0,25.12,,0.08,0
7713.24,119.441,-0.252,58.59,61.61,30.029,0,25.15,,0.08,0
7723.38,119.45,-1.611,58.57,61.6,29.968,0,25.11,,0.08,0
7733.42,119.454,-1.466,58.57,61.59,29.948,0,25.11,,0.08,0
7743.54,119.479,-1.262,58.53,61.56,30.12,0,25.18,,0.08,0
7753.54,119.412,0.036,58.63,61.66,29.933,0,25.22,,0.08,0
7763.69,119.367,-1.995,58.7,61.73,29.929,0,25.18,,0.08,0
7773.72,119.338,-0.733,58.74,61.78,30.054,0,25.15,,0.08,0
7783.91,119.284,0.012,58.82,61.86,29.957,0,25.13,,0.08,0
7794.07,119.326,-1.106,58.76,61.8,30.009,0,25.13,,0.08,0
7804.26,119.394,0.577,58.66,61.69,29.904,0,25.08,,0.08,0
7814.44,119.438,-1.995,58.59,61.62,29.969,0,25.09,,0.08,0
7824.62,119.421,-1.707,58.62,61.65,29.959,0,25.08,,0.08,0
7834.78,119.357,-1.082,58.71,61.75,29.946,0,25.07,,0.08,0
7844.98,119.329,-1.611,58.76,61.79,29.96,0,25.08,,0.08,0
7854.99,119.295,0.409,58.81,61.85,29.977,0,25.1,,0.08,0
7865.19,119.3,-0.986,58.8,61.84,29.944,0,25.12,,0.09,0
7875.2,119.394,-1.695,58.66,61.69,29.985,0,25.11,,0.09,0
7885.4,119.39,1.995,58.66,61.7,30.012,0,25.11,,0.09,0
7895.58,119.395,1.719,58.66,61.69,29.976,0,25.1,,0.09,0
7905.73,119.421,-0.709,58.62,61.65,29.932,0,25.21,,0.09,0
7915.92,119.457,0.853,58.56,61.59,30.049,0,25.27,,0.09,0
7925.95,119.454,0.048,58.57,61.59,30.053,0,25.2,,0.09,0
7935.97,119.418,-0.084,58.62,61.65,29.944,0,25.24,,0.09,0
7946.07,119.426,-0.853,58.61,61.64,29.954,0,25.25,,0.09,0
7956.27,119.481,-1.995,58.53,61.55,29.979,0,25.22,,0.09,0
7966.32,119.477,-1.995,58.53,61.56,29.956,0,25.18,,0.09,0
7976.33,119.458,1.659,58.56,61.59,30.044,0,25.19,,0.09,0
7986.53,119.438,0.204,58.59,61.62,30.011,0,25.24,,0.09,0
7996.54,119.417,-1.995,58.62,61.65,29.986,0,25.3,,0.09,0
8006.71,119.43,-1.995,58.61,61.63,30.088,0,25.26,,0.09,0
8016.88,119.416,1.995,58.63,61.66,30.021,0,25.25,,0.09,0
8027.06,119.362,-0.529,58.71,61.74,29.936,0,25.27,,0.09,0
8037.16,119.354,1.995,58.72,61.75,30.082,0,25.29,,0.09,0
8047.3,119.377,1.635,58.68,61.72,30.061,0,25.21,,0.09,0
8057.43,119.448,1.695,58.58,61.6,30.005,0,25.17,,0.09,0
8067.63,119.444,0.649,58.58,61.61,29.988,0,25.16,,0.09,0
8077.78,119.463,-0.168,58.56,61.58,30.069,0,25.21,,0.09,0
8087.94,119.45,-0.264,58.57,61.6,29.932,0,25.25,,0.09,0
8097.96,119.425,1.214,58.61,61.64,30.041,0,25.29,,0.09,0
8108.06,119.459,1.406,58.56,61.59,30.07,0,25.31,,0.09,0
8118.25,119.44,0.733,58.59,61.62,29.998,0,25.3,,0.09,0
8128.36,119.45,-0.541,58.57,61.6,29.979,0,25.29,,0.09,0
8138.55,119.435,-0.998,58.6,61.62,29.97,0,25.23,,0.09,0
8148.7,119.42,1.995,58.62,61.65,29.964,0,25.21,,0.09,0
8158.87,119.425,0.168,58.61,61.64,29.904,0,25.24,,0.09,0
8169.07,119.434,1.322,58.6,61.63,30.072,0,25.23,,0.09,0
8179.23,119.411,-1.995,58.63,61.66,29.927,0,25.25,,0.09,0
8189.39,119.417,-1.995,58.62,61.65,29.976,0,25.27,,0.09,0
8199.49,119.441,1.55,58.59,61.61,29.916,0,25.24,,0.09,0
8209.66,119.402,-0.853,58.65,61.68,29.92,0,25.2,,0.09,0
8219.86,119.421,1.118,58.62,61.65,29.998,0,25.17,,0.09,0
8230,119.404,-0.649,58.64,61.67,30.086,0,25.14,,0.09,0
8240.01,119.407,-1.995,58.64,61.67,29.919,0,25.16,,0.09,0
8250.14,119.349,1.466,58.73,61.76,29.946,0,25.08,,0.09,0
8260.34,119.357,0.192,58.71,61.75,30.027,0,25.06,,0.09,0
8270.53,119.408,1.995,58.64,61.67,29.988,0,25.05,,0.09,0
8280.68,119.421,1.178,58.62,61.65,29.983,0,25.08,,0.09,0
8290.84,119.408,0.06,58.64,61.67,29.897,0,25.07,,0.09,0
8301.04,119.402,1.995,58.65,61.68,29.926,0,25.09,,0.09,0
8311.16,119.438,-0.505,58.59,61.62,29.934,0,25.1,,0.09,0
8321.28,119.461,1.995,58.56,61.58,29.962,0,25.07,,0.09,0
8331.48,119.445,1.995,58.58,61.61,29.919,0,25.09,,0.09,0
8341.65,119.507,0.589,58.49,61.51,30.053,0,25.12,,0.09,0
8351.66,119.425,-0.998,58.61,61.64,29.945,0,25.19,,0.09,0
8361.86,119.43,-1.995,58.61,61.63,29.945,0,25.23,,0.09,0
8372.04,119.454,-1.839,58.57,61.59,30.035,0,25.2,,0.09,0
8382.04,119.423,-1.094,58.61,61.64,29.903,0,25.17,,0.09,0
8392.13,119.468,0.793,58.55,61.57,30.027,0,25.21,,0.09,0
8402.34,119.4,1.995,58.65,61.68,29.989,0,25.19,,0.09,0
8412.37,119.404,1.599,58.64,61.67,29.955,0,25.2,,0.09,0
8422.49,119.435,-1.142,58.6,61.62,30.094,0,25.14,,0.09,0
8432.65,119.321,0.132,58.77,61.8,29.98,0,25.14,,0.09,0
8442.78,119.259,-0.409,58.86,61.9,29.958,0,25.13,,0.09,0
8452.99,119.202,1.454,58.95,61.99,29.914,0,25.07,,0.09,0
8463.01,119.509,-0.048,58.49,61.51,29.985,0,25.09,,0.09,0
8473.13,119.538,-1.094,58.44,61.46,29.951,0,25.09,,0.09,0
8483.24,119.568,1.995,58.4,61.41,29.981,0,25.08,,0.09,0
8493.25,119.555,-0.577,58.42,61.43,29.928,0,25.13,,0.09,0
8503.41,119.548,0.793,58.43,61.45,30.044,0,25.12,,0.09,0
8513.59,119.531,-1.863,58.45,61.47,30.067,0,25.14,,0.09,0
8523.72,119.562,-0.036,58.41,61.42,29.912,0,25.17,,0.09,0
8533.84,119.548,1.995,58.43,61.45,29.987,0,25.14,,0.09,0
8544.03,119.516,1.995,58.48,61.5,30.018,0,25.11,,0.09,0
8554.05,119.535,0.024,58.45,61.47,29.994,0,25.08,,0.09,0
8564.26,119.527,-1.286,58.46,61.48,29.95,0,25.09,,0.09,0
8574.39,119.585,-1.995,58.37,61.39,30.054,0,25.07,,0.09,0
8584.5,119.545,-1.995,58.43,61.45,30.028,0,25.09,,0.09,0
8594.7,119.573,1.01,58.39,61.41,30.09,0,25.09,,0.09,0
8604.71,119.546,1.106,58.43,61.45,29.979,0,25.08,,0.09,0
8614.74,119.58,-0.24,58.38,61.4,30.013,0,25.09,,0.09,0
8624.93,119.55,-1.587,58.42,61.44,30.039,0,25.1,,0.09,0
8635.12,119.543,0.853,58.44,61.46,29.91,0,25.09,,0.09,0
8645.3,119.591,1.659,58.36,61.38,29.894,0,25.14,,0.09,0
8655.36,119.598,1.587,58.35,61.37,29.873,0,25.16,,0.09,0
8665.37,119.69,0.95,58.21,61.22,29.994,0,25.15,,0.09,0
8675.4,119.699,1.334,58.2,61.21,29.871,0,25.17,,0.09,0
8685.48,119.727,1.671,58.16,61.16,29.926,0,25.23,,0.09,0
8695.64,119.757,-1.406,58.11,61.12,29.965,0,25.28,,0.09,0
8705.83,119.755,1.274,58.12,61.12,29.952,0,25.36,,0.09,0
8716.01,119.804,-0.541,58.04,61.04,29.953,0,25.35,,0.09,0
8726.17,119.834,0.757,58,61,29.953,0,25.28,,0.09,0
8736.18,119.846,-1.995,57.98,60.98,30.052,0,25.35,,0.09,0
8746.31,119.868,-1.995,57.95,60.94,29.988,0,25.32,,0.09,0
8756.46,119.931,-0.084,57.85,60.84,30.106,0,25.23,,0.09,0
8766.46,119.795,0.288,58.06,61.06,29.952,0,25.16,,0.09,0
8776.62,119.849,-0.397,57.98,60.97,29.966,0,25.12,,0.09,0
8786.78,119.88,-1.214,57.93,60.92,29.973,0,25.11,,0.09,0
8796.98,119.871,-1.863,57.94,60.94,29.92,0,25.08,,0.09,0
8807.17,119.911,-1.995,57.88,60.87,29.978,0,25.07,,0.09,0
8817.34,119.909,1.995,57.89,60.88,29.994,0,25.1,,0.09,0
8827.52,119.886,1.995,57.92,60.91,30.039,0,25.09,,0.09,0
8837.52,119.905,-1.587,57.89,60.88,29.957,0,25.11,,0.09,0
8847.53,119.909,-1.31,57.89,60.88,30.037,0,25.05,,0.09,0
8857.69,119.893,-0.938,57.91,60.9,29.921,0,25.04,,0.09,0
8867.82,119.92,0.805,57.87,60.86,29.968,0,25.16,,0.09,0
8877.84,119.946,-0.096,57.83,60.82,30.061,0,25.19,,0.09,0
8887.86,119.927,1.995,57.86,60.85,30.02,0,25.18,,0.09,0
8897.87,119.934,-1.995,57.85,60.84,29.957,0,25.19,,0.09,0
8907.98,119.954,1.815,57.82,60.81,30.045,0,25.2,,0.09,0
8918.12,119.962,-0.733,57.81,60.79,30.065,0,25.17,,0.09,0
8928.29,119.918,-0.925,57.87,60.86,29.91,0,25.17,,0.09,0
8938.34,119.962,-1.382,57.81,60.79,29.992,0,25.1,,0.09,0
8948.49,120.002,-0.12,57.75,60.73,30.076,0,25.15,,0.09,0
8958.56,119.989,1.779,57.77,60.75,30.029,0,25.19,,0.09,0
8968.71,120.013,1.611,57.73,60.71,30.051,0,25.16,,0.09,0
8978.87,120.07,-1.959,57.65,60.62,30.091,0,25.14,,0.09,0
8988.88,120.03,0.877,57.71,60.69,30.036,0,25.16,,0.09,0
8998.97,120.036,-0.889,57.7,60.68,30.001,0,25.14,,0.09,0
9009.08,120.007,-0.613,57.74,60.72,29.973,0,25.13,,0.09,0
9019.22,120.027,-0.048,57.71,60.69,30.045,0,25.1,,0.09,0
9029.38,120.039,-0.889,57.69,60.67,29.917,0,25.07,,0.09,0
9039.58,120.034,1.995,57.7,60.68,30.034,0,25.07,,0.09,0
9049.63,120.075,1.635,57.64,60.62,29.963,0,25.07,,0.09,0
9059.78,120.09,1.995,57.61,60.59,30.022,0,25.09,,0.09,0
9069.93,120.031,1.995,57.7,60.68,30.06,0,25.13,,0.09,0
9080.13,120.109,-1.995,57.59,60.56,29.959,0,25.14,,0.09,0
9090.32,120.111,1.923,57.58,60.56,30.006,0,25.21,,0.09,0
9100.45,120.085,0.613,57.62,60.6,30.086,0,25.21,,0.09,0
9110.64,120.225,0.06,57.41,60.38,30.141,0,25.19,,0.09,0
9120.83,120.28,-0.925,57.33,60.29,30.026,0,25.16,,0.09,0
9130.91,120.353,0.168,57.22,60.18,29.933,0,25.19,,0.09,0
9141.1,120.379,0.481,57.18,60.14,30.033,0,25.23,,0.09,0
9151.23,120.434,1.995,57.1,60.05,30,0,25.26,,0.09,0
9161.41,120.468,1.995,57.05,59.99,29.99,0,25.23,,0.09,0
9171.54,120.584,1.995,56.87,59.81,30.017,0,25.23,,0.09,0
9181.72,120.629,1.995,56.81,59.74,29.956,0,25.28,,0.09,0
9191.89,120.718,0.637,56.67,59.6,29.954,0,25.33,,0.09,0
9202.03,120.816,1.995,56.53,59.45,29.99,0,25.3,,0.09,0
9212.21,120.913,1.635,56.38,59.29,30.033,0,25.32,,0.09,0
9222.34,120.987,1.995,56.27,59.18,29.948,0,25.39,,0.09,0
9232.49,120.913,0.757,56.38,59.29,29.915,0,25.41,,0.09,0
9242.7,121.043,0.337,56.19,59.09,30.059,0,25.3,,0.09,0
9252.84,121.123,1.995,56.06,58.96,29.939,0,25.24,,0.09,0
9263.02,121.19,0.433,55.96,58.86,29.924,0,25.18,,0.09,0
9273.14,121.298,0.361,55.8,58.69,30.017,0,25.22,,0.09,0
9283.29,121.32,-1.995,55.77,58.65,30.041,0,25.26,,0.09,0
9293.46,121.409,-1.995,55.64,58.51,30.127,0,25.31,,0.09,0
9303.46,121.289,0.048,55.82,58.7,30.021,0,25.27,,0.09,0
9313.47,121.461,0.998,55.56,58.43,30.097,0,25.24,,0.09,0
9323.68,121.513,1.058,55.48,58.35,30.013,0,25.27,,0.09,0
9333.81,121.572,-1.418,55.39,58.25,29.994,0,25.32,,0.09,0
9343.93,121.603,-1.995,55.35,58.21,30.033,0,25.36,,0.09,0
9354.11,121.619,-1.995,55.32,58.18,30.004,0,25.38,,0.09,0
9364.25,121.672,-1.995,55.24,58.1,29.975,0,25.33,,0.09,0
9374.45,121.716,-1.995,55.18,58.03,30.115,0,25.37,,0.09,0
9384.61,121.723,1.178,55.16,58.01,30.071,0,25.32,,0.09,0
9394.62,121.749,-0.036,55.13,57.97,30.069,0,25.31,,0.09,0
9404.77,121.737,-1.995,55.14,57.99,30.023,0,25.33,,0.09,0
9414.92,121.746,1.995,55.13,57.98,29.992,0,25.34,,0.09,0
9425.09,121.761,-1.55,55.11,57.96,30.085,0,25.35,,0.09,0
9435.21,121.758,-1.995,55.11,57.96,29.986,0,25.35,,0.09,0
9445.26,121.746,1.995,55.13,57.98,29.992,0,25.37,,0.09,0
9455.38,121.725,-0.998,55.16,58.01,29.979,0,25.31,,0.09,0
9465.56,121.845,0.986,54.98,57.82,30.056,0,25.26,,0.09,0
9475.75,121.867,-1.995,54.95,57.79,29.95,0,25.21,,0.09,0
9485.92,121.886,-1.995,54.92,57.76,30.036,0,25.23,,0.09,0
9495.94,121.954,-1.671,54.82,57.65,30.077,0,25.21,,0.09,0
9505.96,121.991,0.853,54.76,57.59,30.056,0,25.21,,0.09,0
9516.12,121.981,-1.647,54.78,57.61,30.014,0,25.22,,0.09,0
9526.25,121.98,-1.575,54.78,57.61,29.931,0,25.24,,0.09,0
9536.43,122.067,1.262,54.65,57.47,30.076,0,25.19,,0.09,0
9546.6,122.076,-1.995,54.64,57.46,29.995,0,25.16,,0.09,0
9556.64,122.114,-0.505,54.58,57.4,29.98,0,25.17,,0.09,0
9566.66,122.126,-1.995,54.56,57.38,30.101,0,25.14,,0.09,0
9576.8,122.196,-1.683,54.46,57.27,30.018,0,25.15,,0.09,0
9586.97,122.239,-0.649,54.39,57.2,30.026,0,25.16,,0.09,0
9597.17,122.318,-1.334,54.27,57.08,29.971,0,25.16,,0.09,0
9607.29,122.371,0.733,54.19,56.99,30.011,0,25.15,,0.09,0
9617.45,122.494,0.12,54.01,56.8,30.035,0,25.19,,0.09,0
9627.57,122.525,-1.995,53.96,56.75,29.989,0,25.23,,0.09,0
9637.78,122.507,0.805,53.99,56.78,30.03,0,25.25,,0.09,0
9647.91,122.654,-1.995,53.77,56.55,30.12,0,25.27,,0.09,0
9658.08,122.713,1.995,53.68,56.45,29.901,0,25.25,,0.09,0
9668.21,122.723,1.995,53.67,56.44,30.004,0,25.21,,0.09,0
9678.27,122.787,1.995,53.57,56.34,29.898,0,25.15,,0.09,0
9688.41,122.93,-1.382,53.36,56.11,30.037,0,25.12,,0.09,0
